{
  "mean_by_PCOS": {
    "Age": {
      "0": 30.952916666666667,
      "1": 26.451666666666668
    },
    "BMI": {
      "0": 22.994541666666667,
      "1": 26.251833333333334
    },
    "Menstrual_Irregularity": {
      "0": 0.11166666666666666,
      "1": 1.0
    },
    "Testosterone_Level(ng/dL)": {
      "0": 50.14304166666667,
      "1": 85.56916666666666
    },
    "Antral_Follicle_Count": {
      "0": 7.0675,
      "1": 25.391666666666666
    }
  }
}