{
  "menstrual_irregularity_vs_PCOS": {
    "0": {
      "0": 1.0,
      "1": 0.3087557603686636
    },
    "1": {
      "0": 0.0,
      "1": 0.6912442396313364
    }
  }
}