{
  "BMI_category_vs_PCOS": {
    "0": {
      "Underweight": 0.9656160458452722,
      "Normal": 0.8125387957790192,
      "Overweight": 0.8281444582814446,
      "Obese": 0.3755274261603376
    },
    "1": {
      "Underweight": 0.034383954154727794,
      "Normal": 0.18746120422098075,
      "Overweight": 0.1718555417185554,
      "Obese": 0.6244725738396625
    }
  }
}